{
  "baseline": {
    "avg_loss": 13.298914262820514,
    "perplexity": 596547.5681787649,
    "num_samples": 975
  },
  "qwen3_reordered": {
    "avg_loss": 13.298914262820514,
    "perplexity": 596547.5681787649,
    "num_samples": 975
  },
  "improvement": {
    "loss_reduction": 0.0,
    "loss_reduction_percent": 0.0,
    "perplexity_reduction": 0.0,
    "perplexity_reduction_percent": 0.0
  }
}